SIRA_NO,PROJE_ADI,SOZLESME_BEDELI_NOMINAL_TL,SOZLESME_TARIHI_KAYNAK,FIYAT_GUNCELLEME_KATSAYISI,BORU_CAPI,HAT_UZUNLUGU_KM,HAT_VANASI_SAYISI,PIG_ISTASYONU_SAYISI,GUNCEL_SOZLESME_BEDELI_TL_TEMMUZ_2026,DEGERLENDIRME_KUMESI,CDR_DEGERLENDIRME_TAHMIN,CDR_TAM_TAHMIN,CDR_DEGERLENDIRME_HATA,ER_DEGERLENDIRME_TAHMIN,ER_TAM_TAHMIN,ER_DEGERLENDIRME_HATA,KNN_DEGERLENDIRME_TAHMIN,KNN_TAM_TAHMIN,KNN_DEGERLENDIRME_HATA,RF_DEGERLENDIRME_TAHMIN,RF_TAM_TAHMIN,RF_DEGERLENDIRME_HATA,XGB_DEGERLENDIRME_TAHMIN,XGB_TAM_TAHMIN,XGB_DEGERLENDIRME_HATA,CAT_DEGERLENDIRME_TAHMIN,CAT_TAM_TAHMIN,CAT_DEGERLENDIRME_HATA,HGB_DEGERLENDIRME_TAHMIN,HGB_TAM_TAHMIN,HGB_DEGERLENDIRME_HATA,STACK_DEGERLENDIRME_TAHMIN,STACK_TAM_TAHMIN,STACK_DEGERLENDIRME_HATA,RF_ALT90_YAKLASIK,RF_UST90_YAKLASIK
1,GELİBOLU DGBH,16757683.1,2023-02-16,2.5970140878245873,8.0,12.9,0.0,2.0,43519939.09,%5 sabit test,0.0,0.0,-43519939.09,0.0,0.0,-43519939.09,85287251.47800002,72965290.17333333,41767312.38800001,79398582.7648668,64281164.33122239,35878643.674866796,127862632.0,113070024.0,84342692.91,109040218.0028767,97896219.33283287,65520278.912876695,58242389.98040104,55020930.162462495,14722450.890401036,63622169.65707213,53946925.51726246,20102230.567072123,0.0,487779990.6193651
2,DERİK DGBH,37786679.91,2023-04-18,2.5647454433897634,8.0,26.78,0.0,2.0,96913215.12,Nested CV eğitim OOF,0.0,30791370.88389522,-96913215.12,97717436.15133911,15970972.614150345,804221.031339109,115434735.9575,116746619.04333334,18521520.83749999,120459121.2997665,100627893.40355374,23545906.17976649,96885456.0,113070024.0,-27759.12000000477,107791808.61996049,96489227.8301248,10878593.499960482,131918601.57603474,98468934.86887257,35005386.456034735,135250128.75663626,104188117.8301034,38336913.63663626,0.0,528840529.15426475
3,HOPA İLÇESİ DGBH,157880000.0,2023-02-09,2.597014087661515,14.0,54.35,0.0,2.0,410016584.16,Nested CV eğitim OOF,399205737.7285398,689359781.8332281,-10810846.431460202,342014441.8042965,385513897.9879855,-68002142.35570353,196339883.72464636,291634305.4766667,-213676700.43535367,241869537.0921337,315563766.32400686,-168147047.06786633,228062144.0,272951360.0,-181954440.16000003,219757251.17808047,225860908.24548143,-190259332.98191956,263211013.58813035,374703457.49342096,-146805570.57186967,313889246.9180242,407558522.913641,-96127337.24197584,0.0,650250944.9466319
4,BATI KARADENİZ FAZ-2 BORU HATTI,515000000.0,2023-02-22,2.597014087669903,48.0,89.22,2.0,2.0,1337462255.15,Nested CV eğitim OOF,1630794727.7443419,2002442446.3851447,293332472.59434175,1373532783.778728,1827139387.1134374,36070528.62872791,1078542462.6152616,2716453444.0633335,-258919792.53473854,1156274781.3786585,1683980224.6951494,-181187473.77134156,1050074304.0,1333131904.0,-287387951.1500001,910953025.5544778,1195341791.6588187,-426509229.5955223,1003957048.3174587,1435517340.291003,-333505206.83254135,1312211145.3569996,1579832623.7678847,-25251109.79300046,747893373.5241603,1564656189.2331567
5,BATI KARADENİZ FAZ-3 BORU HATTI,509999999.0,2023-02-22,2.5970140876608117,48.0,86.15,2.0,1.0,1324477182.11,Nested CV eğitim OOF,1582783007.3474102,2043533364.715341,258305825.2374103,1354812405.1558933,1810634568.0615394,30335223.04589343,518549012.90000546,2716453444.0633335,-805928169.2099944,1154671440.0784419,1728699381.2393064,-169805742.03155804,1050074304.0,1465149056.0,-274402878.1099999,870842377.5554135,1190674310.3239963,-453634804.5545864,999472351.2702552,1704501609.5041277,-325004830.8397447,1299907560.2946768,1786268436.2511907,-24569621.815323114,746290032.2239436,1563052847.93294
6,ADİLCEVAZ DGBH,60952312.0,2024-01-19,1.8291402988946506,8.0,26.87,0.0,2.0,111490330.19,Nested CV eğitim OOF,0.0,32183808.491849124,-111490330.19,97999229.59860772,16454827.244336247,-13491100.591392279,115434735.9575,116746619.04333334,3944405.767499998,120459121.2997665,103404930.39709997,8968791.109766498,96885456.0,113070024.0,-14604874.189999998,107791808.61996049,96489227.8301248,-3698521.5700395107,131918601.57603474,110336342.7992783,20428271.386034742,135378487.93117338,113218548.14173889,23888157.741173387,0.0,528840529.15426475
7,TAŞKÖPRÜ BOYABAT,154407329.29,2024-02-22,1.7632477302852523,8.0,64.06,1.0,2.0,272258372.91,Nested CV eğitim OOF,243599907.6876577,336979850.74962586,-28658465.222342312,256715108.166083,216394312.76228052,-15543264.743917018,178891847.79116052,274390215.26666665,-93366525.1188395,295510513.3064858,274954232.89869094,23252140.396485746,258532688.0,277972768.0,-13725684.910000026,232554707.60329992,214475777.81421852,-39703665.30670011,292342432.61719394,293421197.97356397,20084059.70719391,335186148.65240175,315867023.3089391,62927775.74240172,0.0,703891921.160984
8,DURSUNBEY,128932325.58,2024-03-18,1.707002296514382,16.0,36.0,1.0,2.0,220087775.86,Nested CV eğitim OOF,15256909.345537543,212206557.04241735,-204830866.51446247,418033369.64251816,360635356.27570057,197945593.78251815,160239593.02,197634366.4433333,-59848182.84,123927491.44376625,165427169.46231252,-96160284.41623376,146475328.0,156318784.0,-73612447.86000001,156012031.42445707,190059192.71308511,-64075744.43554294,118727076.70400721,176459350.13181353,-101360699.1559928,131716114.40489608,217344426.07528555,-88371661.45510393,0.0,532308899.2982645
9,KORKUTELİ,936924841.0,2024-06-13,1.5940630158614826,20.0,183.53,5.0,2.0,1493517237.68,Nested CV eğitim OOF,2004551802.3708153,1567039650.1289127,511034564.6908152,1085118174.9139373,1301328700.8417435,-408399062.76606274,653790739.6466666,1008282834.7266666,-839726498.0333334,1318723877.2300363,1557314519.0101938,-174793360.4499638,1360022272.0,1356509696.0,-133494965.68000007,1092238916.5990653,1153627642.3501754,-401278321.08093476,1120697460.5761578,1337463267.6873536,-372819777.10384226,1213853046.7992835,1386559711.571183,-279664190.88071656,910342469.375538,1727105285.0845346
10,ORDU FATSA,234665963.84,2024-08-06,1.5378769204300131,12.0,62.64,1.0,2.0,360887369.8,Nested CV eğitim OOF,357226171.76737654,469689184.2993335,-3661198.03262347,344395764.8936411,356308244.37059796,-16491604.906358898,273970868.8009637,288975506.16333336,-86916500.99903631,291352350.702662,331153201.8441897,-69535019.09733802,260434960.0,291639904.0,-100452409.80000001,244701184.34534234,234069484.59335828,-116186185.45465767,275136725.47048044,351297584.7407736,-85750644.32951957,326692829.40388656,383285056.4555603,-34194540.396113455,0.0,699733758.5571603
11,EŞME,166946000.0,2024-06-04,1.5940630158853761,16.0,44.46,2.0,1.0,266122444.25,Nested CV eğitim OOF,0.0,161094084.07376987,-266122444.25,388972669.519496,406117691.51317865,122850225.26949602,200955822.0525,279792130.70666665,-65166622.19749999,301062857.61151624,287112973.2612816,34940413.36151624,184989568.0,251906176.0,-81132876.25,261096546.18778256,246343508.3400896,-5025898.062217444,754222306.2128569,265413074.2607066,488099861.9628569,273463530.9045033,312223251.13068444,7341086.654503286,0.0,709444265.4660145
12,TİREBOLU,52966687.0,2025-01-03,1.4379812137391188,8.0,12.16,0.0,2.0,76165100.86,Nested CV eğitim OOF,0.0,0.0,-76165100.86,51941656.16170615,0.0,-24223444.69829385,98098931.11999999,72965290.17333333,21933830.25999999,86314886.66873331,64281164.33122239,10149785.808733314,86160400.0,113070024.0,9995299.14,131222854.33117813,107448382.88091248,55057753.47117813,77006819.86763546,55020930.162462495,841719.0076354593,88883749.09001064,53477361.20343548,12718648.230010644,0.0,494696294.52323157
13,GÖRELE,68993134.0,2025-01-03,1.4379812137538206,8.0,17.29,0.0,2.0,99210830.57,Nested CV eğitim OOF,0.0,0.0,-99210830.57,0.0,0.0,-99210830.57,98611555.95070574,72965290.17333333,-599274.619294256,81122568.48073503,87073118.59729138,-18088262.08926496,134063744.0,113070024.0,34852913.43000001,108177573.20086616,94839793.21315712,8966742.63086617,3681819.6258594375,86421255.46693109,-95529010.94414055,23113677.32286775,83222080.19781947,-76097153.24713224,0.0,489503976.33523333
14,AYANCIK,178999588.46,2025-03-11,1.3821521917928101,12.0,44.89,1.0,2.0,247404673.52,Nested CV eğitim OOF,191489627.38691998,195069544.95287937,-55915046.133080035,291310819.8848433,260881358.97281596,43906146.36484328,186480850.4025,185226891.59333333,-60923823.11750001,163456915.66945884,223918782.32958832,-83947757.85054117,150966864.0,224169264.0,-96437809.52000001,178474705.9809469,218661195.0338815,-68929967.53905311,194374851.95207232,225522342.49817365,-53029821.56792769,196097107.67157108,253970447.95915702,-51307565.848428935,0.0,571838323.5239571
15,A.KARAHİSAR MERKEZ 2,102999883.23,2025-05-09,1.3124383965381705,10.0,31.28,0.0,2.0,135181001.59,Nested CV eğitim OOF,295851273.61235183,177752703.63029987,160670272.02235183,215611182.2660247,113937745.34351712,80430180.6760247,108439866.95666666,105748457.45333333,-26741134.63333334,117419731.49633336,117779319.23919667,-17761270.093666643,124501368.0,121755224.0,-10679633.590000004,106786902.50296098,120931162.85905117,-28394099.087039024,117133963.42906617,127009047.97939143,-18047038.160933837,135859569.16985035,142617645.1588186,678567.5798503458,0.0,525801139.3508316
16,DİDİM,216129000.0,2025-10-24,1.1793296801447284,16.0,48.27,1.0,2.0,254887344.44,Nested CV eğitim OOF,369246307.5062778,402042217.5934592,114358963.0662778,462034953.21754587,426600870.8577167,207147608.77754587,147771031.12333333,197634366.44333336,-107116313.31666666,228892124.44100022,227958327.68317714,-25995219.998999774,221980912.0,228723520.0,-32906432.439999998,248661262.51880825,223795251.54367614,-6226081.921191752,266456382.2252429,259752301.1655431,11569037.785242915,263844698.207044,288235000.6647412,8957353.767044008,0.0,637273532.2954985
17,DİNAR,37724745.0,2026-01-05,1.1307374151899503,8.0,5.07,0.0,2.0,42656780.65,Nested CV eğitim OOF,0.0,0.0,-42656780.65,0.0,0.0,-42656780.65,95956525.5790567,54113940.199999996,53299744.9290567,78658890.93021885,63207315.483102314,36002110.28021885,135971232.0,113070024.0,93314451.35,112285426.22467518,114759083.23485655,69628645.57467517,3681819.6258594375,55020930.162462495,-38974961.02414056,12888757.95278716,47157771.423306644,-29768022.697212838,0.0,487040298.7847171
18,KULUNCAK ELAZIĞ,980938578.1,2026-02-25,1.1039333884670675,20.0,163.28,5.0,2.0,1082890848.4,Nested CV eğitim OOF,1295801924.6739738,1253741188.339296,212911076.2739737,1076580077.1603298,1192461409.0499074,-6310771.239670277,1132878567.8675,1008282834.7266666,49987719.46749997,1652670357.5802383,1612051043.3940308,569779509.1802382,1379326592.0,1343228416.0,296435743.5999999,1127927684.2976832,1025859757.8550801,45036835.89768314,1278895981.5627816,1337463267.6873536,196005133.16278148,1226716075.6395466,1400108235.2283945,143825227.23954654,1244288949.72574,2061051765.4347367
19,HİZAN,194600000.0,2026-03-04,1.0791314893627955,12.0,49.3,1.0,2.0,209998987.83,Nested CV eğitim OOF,262337245.6731012,263298987.74261802,52338257.84310117,303924358.0312434,284590235.8519268,93925370.20124337,279994597.8600942,251147940.73666668,69995610.03009418,255246463.024333,240351861.0209172,45247475.19433299,268794528.0,229753264.0,58795540.16999999,261004986.90707853,220120352.7587142,51005999.07707852,258281438.62530875,217189668.78451926,48282450.79530874,288439212.26925635,249146307.7181528,78440224.43925634,0.0,663627870.8788313
20,MUT MERSİN,2877000000.0,2026-03-01,1.0791314893430657,40.0,167.96,5.0,2.0,3104661294.84,Nested CV eğitim OOF,2153649932.1948147,2099542467.4400163,-951011362.6451855,1598678240.731348,1955362262.020276,-1505983054.108652,2397223553.4900002,2115689268.83,-707437741.3499999,2559610908.796677,2606221922.706942,-545050386.043323,2227935744.0,2611918848.0,-876725550.8400002,1780197929.381725,2417766898.2499475,-1324463365.458275,1278895981.5627816,2612969423.178373,-1825765313.2772186,1972956746.484651,2736240586.263885,-1131704548.355349,2151229500.9421787,2967992316.6511755
21,AHMETLİ SARIGÖL,112000000.0,güncel,1.0,8.0,32.6,0.0,2.0,112000000.0,Nested CV eğitim OOF,273945354.4434677,120835669.53157777,161945354.44346768,159949134.83737814,47260238.699507535,47949134.837378144,116746619.04333334,120842704.42,4746619.043333337,149912862.9378997,120359052.08916426,37912862.93789971,124501368.0,121770312.0,12501368.0,105710958.45450234,119415880.50966996,-6289041.545497656,168575829.32226992,116761035.94100216,56575829.32226992,172650171.3294127,125112570.1989078,60650171.3294127,0.0,558294270.792398
22,DÖRTYOL ERZİN,152820000.0,2026-01-06,1.1307374153252192,30.0,13.8,0.0,1.0,172799291.81,Nested CV eğitim OOF,838519074.5144725,769293412.8852272,665719782.7044725,854628172.0452986,757702836.0369927,681828880.2352986,147190990.3602077,168946993.79,-25608301.449792296,164164745.881233,198798337.25622624,-8634545.928766996,413771456.0,144577616.0,240972164.19,161483269.86376733,223987783.5062376,-11316021.946232677,133822024.27186756,243820904.6916549,-38977267.538132444,62504912.963470995,306637893.7364284,-110294378.846529,0.0,572546153.7357312
23,MAGA FAZ 2 DGBH,2999999999.0,2024-01-01,1.8291402989197136,40.0,133.5,2.0,1.0,5487420894.93,Nested CV eğitim OOF,1686202262.4691982,2466752452.393992,-3801218632.460802,1450866092.5158868,1770099700.2846384,-4036554802.4141135,1180899143.6887364,2716453444.0633335,-4306521751.241264,1330256809.6684465,2533852685.5151753,-4157164085.261554,1174994176.0,2912539648.0,-4312426718.93,964274247.1873754,3447592001.6497874,-4523146647.742625,1093394107.3028638,3706266101.1998324,-4394026787.627136,1439156870.7261124,4006193004.4829683,-4048264024.203888,921875401.8139483,1738638217.522945
24,CİHANBEYLİ DGBH,189320000.0,2024-07-05,1.5637025188041411,12.0,61.4,1.0,2.0,296040160.86,Nested CV eğitim OOF,424772914.33268774,450504488.3675248,128732753.47268772,358499485.81062937,349641802.79914725,62459324.95062935,229142011.14499998,288975506.16333336,-66898149.71500003,342931026.18306816,325348825.5482376,46890865.32306814,331134016.0,291639904.0,35093855.139999986,261291575.00099784,230310389.38276267,-34748585.85900217,354601942.9277492,312392480.74973035,58561782.0677492,355342228.02310497,343292635.5092255,59302067.16310495,0.0,751312434.0375664
25,ŞARKİKARAAĞAÇ DGBH,179320000.0,2024-07-12,1.563702518793219,10.0,57.3,2.0,2.0,280403135.67,Nested CV eğitim OOF,213987194.30041432,39141646.805316746,-66415941.36958569,263663485.17215782,253825495.09282902,-16739650.497842193,245561509.20211715,309880831.4066667,-34841626.46788287,256736563.4582275,297257091.6363376,-23666572.21177253,278847712.0,292102464.0,-1555423.6700000167,251876001.6595825,237696248.10929364,-28527134.01041752,221444571.67508942,272096574.11446166,-58958563.9949106,280654239.74963546,298913215.5083627,251104.0796354413,0.0,665117971.3127258
26,ŞEBİNKARAHİSAR DGBH,265000000.0,2024-08-14,1.5378769204528302,10.0,78.1,2.0,2.0,407537383.92,Nested CV eğitim OOF,453147785.55159765,360949449.5324293,45610401.63159764,392130106.36076844,365649676.29135656,-15407277.55923158,270716606.3066667,309880831.4066667,-136820777.61333334,296134847.4552998,338943259.8667075,-111402536.46470022,305373792.0,299134656.0,-102163591.92000002,288723356.61685014,294556636.5005844,-118814027.30314988,161001291.6090208,318354555.39703566,-246536092.31097922,202073974.0255093,352891789.7258915,-205463409.89449072,0.0,704516255.309798
27,BİSMİL BİNGÖL DGBH,37853000.0,2020-03-19,11.84689240218741,20.0,126.3,4.0,2.0,448440418.1,Nested CV eğitim OOF,963289059.4923108,952194167.1667447,514848641.39231074,1011868135.0306721,993650917.6690636,563427716.930672,824289958.8808026,653790739.6466666,375849540.7808026,683181730.5727671,693092051.3179615,234741312.4727671,563734912.0,486236448.0,115294493.89999998,598629538.1070815,478578749.62678427,150189120.0070815,374949977.6483089,461460526.9727308,-73490440.45169115,899816956.8303955,584759623.9532074,451376538.73039544,274800322.7182689,1091563138.4272654
28,Bulanık Malazgirt Patnos DGBH,37337000.0,2020-09-14,10.778871352813562,14.0,63.0,2.0,2.0,402450719.7,Nested CV eğitim OOF,380509057.05374205,282008266.67315155,-21941662.646257937,394760785.48101413,432017704.11141163,-7689934.218985856,284878266.06979954,311399134.31666666,-117572453.63020045,295306647.3767114,335604412.1098608,-107144072.32328856,311013856.0,312605408.0,-91436863.69999999,287673809.82087517,269191355.94662434,-114776909.87912482,269024701.7613544,367398064.34594315,-133426017.9386456,354496352.3996022,407046102.96959126,-47954367.30039781,0.0,703688055.2312098
29,KOZLUK DGBH,14516169.4,2020-12-02,9.770918753538382,8.0,30.8,0.0,2.0,141836311.82,Nested CV eğitim OOF,110202602.50762713,92986917.3725006,-31633709.312372863,121816605.45145053,37583146.09578884,-20019706.368549466,107273836.6875,120842704.42,-34562475.13249999,103573838.91876051,110969187.76942165,-38262472.901239485,121341864.0,113993048.0,-20494447.819999993,125985903.01902902,102527072.55352467,-15850408.800970972,100747986.10011029,126740512.21758993,-41088325.7198897,145547617.77573138,135387431.45061284,3711305.955731392,0.0,511955246.7732588
30,DEMİRCİ DGBH,10883974.1,2021-03-16,9.029515554433377,10.0,43.9,1.0,2.0,98277013.43,Nested CV eğitim OOF,98047719.33958256,102413278.91667491,-229294.0904174447,196083564.08869177,181784916.8207007,97806550.65869176,199602908.94903976,162429642.14666668,101325895.51903975,204660002.36030003,148095830.2403904,106382988.93030003,202867744.0,158237376.0,104590730.57,203147596.0413484,182845933.83375937,104870582.61134839,181756768.46283296,123614230.54217328,83479755.03283295,234707031.3998319,144878540.03519523,136430017.96983188,0.0,613041410.2147983
31,MUT DGBH,30099646.2,güncel,1.0,20.0,80.4,2.0,2.0,30099646.2,Nested CV eğitim OOF,696039891.6698905,783231227.9236989,665940245.4698905,645372648.2609403,746885056.274236,615273002.0609403,302123872.8336847,240865024.84,272024226.6336847,430784962.59567213,341947243.5243229,400685316.39567214,364371680.0,285093920.0,334272033.8,336848538.7775266,320944284.67082375,306748892.5775266,514784576.24535245,65982364.605168976,484684930.04535246,645699696.1578624,191960523.2654274,615600049.9578624,22403554.741173863,839166370.4501704
32,AYVALIK DGBH,23979062.87,2022-01-04,4.917956121527113,16.0,36.4,1.0,2.0,117927979.03,Nested CV eğitim OOF,230652172.18924975,218395168.63332325,112724193.15924975,401285363.8020404,362785821.2987492,283357384.77204037,217929686.19471318,197634366.4433333,100001707.16471317,195514978.07470015,160733842.68343678,77586999.04470015,168686960.0,156318784.0,50758980.97,165225384.49492717,193343358.3673585,47297405.46492717,177003953.45998678,151983750.07116666,59075974.429986775,151377132.1005221,186330235.1119659,33449153.0705221,0.0,603896385.9291984
33,MAGA FAZ 1 DGBH,842000000.0,2023-04-17,2.564745443289786,40.0,158.8,5.0,2.0,2159515663.25,Nested CV eğitim OOF,2013248207.0132372,1957823262.0082688,-146267456.23676276,1982938837.5170493,1906116612.992463,-176576825.7329507,3168766861.393557,2115689268.83,1009251198.1435571,2795082698.5105705,2673368006.5862246,635567035.2605705,2953126400.0,2554423040.0,793610736.75,3196452348.5968695,2155476243.596174,1036936685.3468695,2754024376.107914,2612969423.178373,594508712.857914,2998918706.17716,2755955702.3085747,839403042.9271598,2386701290.656072,3203464106.365069
34,ERCİŞ PATNOS DGBH,248000000.0,2025-11-27,1.1695351154032259,14.0,67.11,2.0,2.0,290044708.62,Nested CV eğitim OOF,337997526.4521768,345596250.7697107,47952817.832176805,451130663.7283221,454113732.2232361,161085955.10832208,333023303.48,311399134.31666666,42978594.860000014,353617176.17054886,334395448.66697943,63572467.55054885,306746688.0,312605408.0,16701979.379999995,276755436.63554704,295995052.4301587,-13289271.984452963,313163682.4322204,331645488.8518365,23118973.812220395,367877279.61602503,379957317.347698,77832570.99602503,0.0,761998584.0250471
35,POZANTI DGBH,379034845.2,2026-01-02,1.1307374152997796,16.0,73.5,2.0,1.0,428588881.17,Nested CV eğitim OOF,638363184.88887,610387285.5735464,209774303.71886998,586504502.8923678,562241452.1865076,157915621.72236782,257634141.11981022,279792130.7066667,-170954740.0501898,355128065.2657334,380073014.75695336,-73460815.9042666,287494944.0,319376800.0,-141093937.17000002,323982723.3414992,294914674.1026269,-104606157.8285008,405154096.399002,405818044.02042156,-23434784.770998,177628609.18544364,462069386.6353648,-250960271.98455638,0.0,763509473.1202316
36,EĞİRDİR DGBH,102000000.0,2026-03-10,1.0791314893137254,10.0,28.0,0.0,2.0,110071411.91,Nested CV eğitim OOF,201223300.83588648,127006088.58487052,91151888.92588648,203848737.75697082,96303932.15451854,93777325.84697083,93465501.39,105748457.45333333,-16605910.519999996,104966554.75996657,115143260.93514691,-5104857.150033429,120313368.0,120832192.0,10241956.090000004,106786902.50296098,112988668.78798908,-3284509.4070390165,102602663.2662392,114980673.462994,-7468748.6437608,132624434.26677454,126078994.10738826,22553022.35677454,0.0,513347962.6144648
37,GEVAŞ DGBH,206665000.0,2025-11-11,1.1695351154283502,10.0,59.15,2.0,2.0,241701974.63,Nested CV eğitim OOF,28760569.251538634,67763975.41325706,-212941405.37846136,283532999.5112119,263771395.82442883,41831024.88121188,297167063.18,309880831.4066667,55465088.55000001,304618585.3294657,297047910.8176292,62916610.69946569,320085120.0,292102464.0,78383145.37,270021317.4166051,243467327.5375949,28319342.78660512,289533933.4269897,262323415.49865252,47831958.79698968,314273426.24172366,289039097.858472,72571451.61172366,0.0,712999993.183964
38,Malatya Branşman-2 DGBH,166885000.0,2025-11-21,1.1695351154387752,24.0,18.0,1.0,1.0,195177867.74,Nested CV eğitim OOF,314634067.2041404,331665357.13689476,119456199.46414042,663226730.9164435,558960595.1187931,468048863.17644346,169761927.7175,165761448.96666667,-25415940.02250001,153178753.98126653,176320999.20382595,-41999113.75873348,41383256.0,132770128.0,-153794611.74,186168811.47421253,198344413.5652128,-9009056.265787482,0.0,107421333.85213614,-195177867.74,239919551.31804812,209440877.54732037,44741683.57804811,0.0,561560161.8357648
39,K.Maraş Branşman-2 DGBH,110562894.3,2025-11-07,1.1695351154532865,16.0,13.95,1.0,1.0,129307187.35,Nested CV eğitim OOF,0.0,0.0,-129307187.35,356803154.1524628,242090971.8801461,227495966.8024628,176350088.0325,125078135.67999999,47042900.682500005,138657009.89376658,144286339.03611922,9349822.543766588,118113168.0,132478776.0,-11194019.349999994,158094576.14435172,147289938.95052248,28787388.794351727,0.0,129418920.74046214,-129307187.35,205595332.12461674,167028462.09465933,76288144.77461675,0.0,547038417.7482648
40,MİLAS DGBH,31700000.53,2022-07-25,3.194389630819353,12.0,32.33,1.0,1.0,101262152.99,Nested CV eğitim OOF,193419615.70726436,89335653.28883046,92157462.71726437,284080913.5498195,193356757.24908966,182818760.55981952,162066159.66666666,147598521.76333332,60804006.67666666,166330120.13759962,138916830.54205596,65067967.14759962,128956856.0,134431568.0,27694703.010000005,153212313.97104973,153203555.13449538,51950160.98104973,216738207.4184165,96778547.28655101,115476054.4284165,193344130.32513314,133885941.7704224,92081977.33513315,0.0,574711527.9920979
41,ÇİVRİL DGBH,7973069.92,2021-03-10,9.029515554530594,10.0,31.85,0.0,2.0,71992958.86,Nested CV eğitim OOF,180989681.88960922,186571475.14734095,108996723.02960922,135924787.10652345,117002158.00136137,63931828.246523455,131003317.14772962,105748457.45333333,59010358.28772962,131021845.89019974,114334590.32055603,59028887.03019974,122789432.0,121755224.0,50796473.14,146921994.96115774,121517829.87121242,74929036.10115774,145625068.44449443,109261434.5746678,73632109.58449443,147233788.23574758,121345163.4836818,75240829.37574758,0.0,539403253.744698
42,DÖRTYOL FSRU BAĞLANTI FAZ 2 DGBH,15378878.41,2021-03-24,9.029515554899298,30.0,22.9,0.0,1.0,138863821.82,Nested CV eğitim OOF,1057985417.6232653,910084326.5783391,919121595.8032653,789516712.2029903,806625915.3113484,650652890.3829904,165761448.96666667,168946993.79,26897627.146666676,195975211.36743268,201199093.98117992,57111389.54743269,339916128.0,144577616.0,201052306.18,280028075.32464266,229475616.04491636,141164253.50464267,207976075.92585796,242417237.45486918,69112254.10585797,165385622.30485338,315683449.57732165,26521800.484853387,0.0,604356619.221931
43,YÜKSEKOVA DGBH,14512309.5,2020-08-10,11.064102819747609,8.0,33.8,1.0,2.0,160565684.46,Nested CV eğitim OOF,0.0,0.0,-160565684.46,64778350.90828198,53711633.76865333,-95787333.55171803,120252696.39898668,135659742.46333334,-40312988.061013326,119572133.13816653,150703275.27095845,-40993551.32183348,156603552.0,141734832.0,-3962132.4600000083,144920894.98001266,147738074.5071352,-15644789.479987353,130532585.53473885,160689769.33636314,-30033098.925261155,190150263.16447222,166571472.651868,29584578.704472214,0.0,527953540.9926648
44,CEYHAN TERMİNALİ  DGBH,11111110.99,2020-07-29,11.324047069932112,16.0,13.74,0.0,2.0,125822743.85,Nested CV eğitim OOF,152311333.9603343,138400442.41520733,26488590.110334307,288156908.49781346,240961977.7430456,162334164.64781347,150818964.89791027,129810152.93333334,24996221.047910273,132783198.66800009,137325579.35260883,6960454.818000093,101017544.0,125707368.0,-24805199.849999994,93220742.19027174,139862413.14353997,-32602001.65972826,114393990.93907177,119924145.36643963,-11428752.91092822,116704471.24707419,138746300.7482679,-9118272.602925807,0.0,541164606.5224984
45,AHLAT DGBH,17614000.0,2019-06-18,12.14568203701601,8.0,40.94,1.0,2.0,213934043.4,Nested CV eğitim OOF,0.0,0.0,-213934043.4,171980529.629083,92097434.430071,-41953513.770917,131213133.98750001,169398761.54999998,-82720909.4125,138315576.14136982,164608546.90986854,-75618467.25863019,137292656.0,146473056.0,-76641387.4,158496335.8650472,167349100.26310402,-55437707.53495282,147295450.50415266,165491207.0287089,-66638592.89584735,165714355.28362843,182272399.3260736,-48219688.11637157,0.0,546696983.9958681
46,BEŞİKDÜZÜ OSB DGBH,29319275.25,2018-04-02,16.24113724127611,12.0,108.03,0.0,0.0,476178373.15,Nested CV eğitim OOF,3378112029.466089,1619709029.564902,2901933656.3160887,551240925.6769382,600332262.8610387,75062552.5269382,256707431.15666667,267979055.24666667,-219470941.9933333,450785475.082868,458499247.049682,-25392898.067131996,491248704.0,365386848.0,15070330.850000024,348019022.5749307,361321283.8514085,-128159350.57506925,1517330365.0643957,642221744.0717429,1041151991.9143957,813430689.3494939,703003196.8195869,337252316.1994939,42404067.22836971,859166882.9373662
47,AYFON SEÇKÖY DGBH,126890000.0,2018-03-29,16.66372557845378,40.0,289.6,10.0,3.0,2114460138.65,Nested CV eğitim OOF,2732790786.9509554,2539960137.9105873,618330648.3009553,2200447445.5604625,2609318675.5293574,85987306.91046238,2541716120.615,2459545698.9133334,427255981.9649997,2487505130.4821596,2485467652.582143,373044991.8321595,2130631936.0,2266552064.0,16171797.349999905,1663976636.4866147,1847675784.690487,-450483502.1633854,1278895981.5627816,2612969423.178373,-835564157.0872185,2098273186.8516407,2764286514.2974825,-16186951.798359394,2079123722.6276612,2895886538.336658
48,GÖLMARMARA DGBH,26478500.0,2018-04-05,16.241137241157922,16.0,127.2,4.0,2.0,430040952.44,Nested CV eğitim OOF,836589887.8257185,811439638.5488591,406548935.3857185,834412115.932162,850941381.5307832,404371163.49216205,610829852.6591144,653790739.6466666,180788900.21911436,520640883.7668528,668965034.1730609,90599931.3268528,556491072.0,601701056.0,126450119.56,556412935.1456308,524369975.79606444,126371982.70563084,334185868.1634186,522370881.4001749,-95855084.2765814,512196698.4543077,609558689.6450629,82155746.01430768,112259475.91235453,929022291.621351
49,BURHANİYE EDREMİT DGBH,27700000.0,2018-04-17,16.241137241155233,16.0,106.16,2.0,4.0,449879501.58,Nested CV eğitim OOF,1200024349.7066653,849921885.099822,750144848.1266654,694210748.5885222,737826921.3184264,244331247.0085222,317532175.565,256674618.79999998,-132347326.01499999,552721274.0082659,488015764.2832727,102841772.42826587,471135584.0,384581120.0,21256082.420000017,384808759.2993392,398288467.99086994,-65070742.28066081,909299904.4494213,519222837.8996533,459420402.8694213,589738379.2943244,574260438.7454139,139858877.7143244,144339866.1537676,961102681.8627641
50,ESPİYE DGBH,9397247.0,2018-02-21,16.919645305694317,8.0,35.56,1.0,2.0,158998086.09,Nested CV eğitim OOF,0.0,0.0,-158998086.09,145364956.44607878,63173679.87006724,-13633129.643921226,131213133.98750001,135659742.46333334,-27784952.10249999,138933516.95080447,155288961.9465737,-20064569.13919553,137292656.0,143681392.0,-21705430.090000004,154458351.53545994,153260810.88213366,-4539734.554540068,148042565.58415267,160552447.23478356,-10955520.505847335,162132442.6231821,167074860.88465106,3134356.5331820846,0.0,547314924.8053027
51,SİMAV DGBH,8497933.96,2018-03-09,16.6637255780698,10.0,43.23,1.0,2.0,141607239.49,Nested CV eğitim OOF,87863037.292279,92047354.50190741,-53744202.197721004,192738636.2398907,178182887.90709424,51131396.749890685,199250715.21626836,162429642.14666668,57643475.72626835,204175928.5800334,145491346.66134202,62568689.09003338,202867744.0,154235248.0,61260504.50999999,203147596.0413484,177466168.66433328,61540356.55134839,181756768.46283296,143419787.1787406,40149528.97283295,235186031.11378074,162980568.69594747,93578791.62378073,0.0,612557336.4345317
52,EMİRDAĞ OSB DGBH,2930507.2,2018-02-26,16.919645305768228,8.0,15.3,0.0,1.0,49583142.39,Nested CV eğitim OOF,0.0,0.0,-49583142.39,45136050.74205172,0.0,-4447091.64794828,125628591.605,63613111.15333333,76045449.215,105582024.55635518,78684725.83186686,55998882.16635518,141279776.0,119841400.0,91696633.61,139908648.24882132,96306106.11402357,90325505.85882132,101235597.59299506,51545659.360863835,51652455.20299506,101534850.39747286,56868022.15665197,51951708.00747286,0.0,513963432.41085345
53,BULANCAK OSB DGBH,7994503.0,2018-02-16,16.91964530628108,8.0,40.3,1.0,2.0,135264155.16,Nested CV eğitim OOF,0.0,0.0,-135264155.16,145563141.7992102,88656690.39319324,10298986.639210194,155228317.69750002,169398761.54999998,19964162.537500024,188754904.47246698,155030448.38230458,53490749.31246698,138140192.0,143681392.0,2876036.8400000036,161910891.63592887,167349100.26310402,26646736.475928873,192935577.86603552,142034797.31783432,57671422.706035525,190292090.57409072,153704115.02893472,55027935.41409072,0.0,597136312.3269652
54,BOYABAT OSB DGBH,10937729.0,2018-01-31,17.373341677234826,8.0,47.17,1.0,2.0,190024903.09,%5 sabit test,63442162.67098594,75665726.32361954,-126582740.41901407,117004137.34610742,125590927.16405308,-73020765.74389258,149616107.514,179741033.88333333,-40408795.576000005,211245280.13680053,204554492.66733754,21220377.046800524,226444592.0,210502128.0,36419688.91,218772716.4694158,189620759.31953603,28747813.37941581,223457703.64359075,202152926.6274516,33432800.553590745,212152501.9322273,213374500.88208368,22127598.84222731,0.0,619626687.9912988
55,IĞDIR OSB DGBH,6424000.0,2018-02-02,16.919645305105853,8.0,31.97,0.0,2.0,108691801.44,Nested CV eğitim OOF,255769859.67237824,111088606.27590078,147078058.23237824,157689884.8249684,43873256.28820598,48998083.3849684,116746619.04333334,120842704.42,8054817.603333339,125681758.20323321,108740353.29950467,16989956.763233215,124501368.0,113993048.0,15809566.560000002,105710958.45450234,105589596.08473164,-2980842.9854976535,94676505.05842367,109875758.86592868,-14015296.38157633,130960614.26216322,115533402.50171477,22268812.822163224,0.0,534063166.0577315
56,ŞİRAN OSB DGBH,4141473.25,2017-12-28,17.544615774108888,6.0,24.95,0.0,2.0,72660556.91,Nested CV eğitim OOF,0.0,0.0,-72660556.91,18551918.147654176,0.0,-54108638.76234582,115434735.9575,93688034.07333334,42774179.0475,118306978.02966644,91245680.65773833,45646421.11966644,96885456.0,113070024.0,24224899.090000004,144772652.88194323,111561368.41956311,72112095.97194323,64609231.03263548,82646166.55253325,-8051325.877364516,101675198.88701278,76264555.36574024,29014641.977012783,0.0,526688385.8841647
57,ŞABANÖZÜ OSB DGBH,4982466.3,2017-12-12,17.544615773919034,8.0,32.45,1.0,2.0,87415456.84,Nested CV eğitim OOF,0.0,0.0,-87415456.84,163719818.64288747,46453814.315864325,76304361.80288747,151609308.57000002,135659742.46333334,64193851.73000002,159593290.88799945,126630259.05388469,72177834.04799944,124501368.0,115391192.0,37085911.16,121500573.54871649,135427550.4698338,34085116.70871648,159272660.56457385,100345848.5490025,71857203.72457385,181341169.42323995,108946487.37389284,93925712.58323994,0.0,567974698.7424977
58,ERCİŞ DGBH,6576725.76,2017-12-14,17.544615773974435,14.0,33.9,1.0,2.0,115386126.51,Nested CV eğitim OOF,205800029.81548643,102376893.84144884,90413903.30548643,217313548.37205657,275571373.6846254,101927421.86205657,190193649.12273628,151133960.46666667,74807522.61273627,167842554.84297264,151931509.38993037,52456428.33297263,174618336.0,154372224.0,59232209.489999995,149850582.03483206,186859533.11579436,34464455.524832055,173277920.9273918,144379837.25050318,57891794.41739179,195560252.4109871,165436373.09275353,80174125.9009871,0.0,576223962.6974709
59,KARAPINAR DGBH,6468347.85,2017-11-27,17.784568079467157,10.0,39.35,1.0,1.0,115036772.7,Nested CV eğitim OOF,138750562.35014534,120606334.36051911,23713789.650145337,173368009.29459506,157323377.18352282,58331236.59459506,137011613.3620298,147598521.76333332,21974840.662029788,167624127.5747001,143216383.09725258,52587354.874700084,189892608.0,158214976.0,74855835.3,189831497.53071547,169384620.325261,74794724.83071546,123832405.09728818,129969891.45987785,8795632.397288173,187074526.8719648,158070206.314667,72037754.17196481,0.0,576005535.4291984
60,LAPSEKİ ÇANAKKALE DGBH,7973550.21,2017-10-13,18.143118546938954,16.0,44.3,1.0,1.0,144665066.7,Nested CV eğitim OOF,418119487.01999867,429208759.84411687,273454420.3199987,451830166.6480416,405257505.5039592,307165099.9480416,184327178.59500003,180031566.1,39662111.89500004,212451687.20163316,175336314.04437742,67786620.50163317,179271312.0,174816784.0,34606245.30000001,209314257.99742693,207140658.55747837,64649191.29742694,201666629.15010238,155383797.68777874,57001562.45010239,308884922.6792412,209565043.65081543,164219855.9792412,0.0,620833095.0561314
61,GÜMÜŞHACIKÖY DGBH,2195693.0,2017-08-18,18.4973016173026,8.0,9.4,0.0,1.0,40614395.68,%5 sabit test,0.0,0.0,-40614395.68,0.0,0.0,-40614395.68,118604100.614,63613111.15333333,77989704.93399999,75320979.62656654,66584857.80156467,34706583.946566544,135783184.0,119841400.0,95168788.32,101690614.27770454,108428234.36911285,61076218.59770454,54590912.152221255,46952732.49577703,13976516.472221255,70372445.51431888,48144281.524421334,29758049.834318884,0.0,483702387.4810648
62,HAKKARİ DGBH,53900000.0,2017-03-13,19.042869881261595,12.0,203.8,7.0,2.0,1026410686.6,Nested CV eğitim OOF,1028770221.3906895,1030109492.2898078,2359534.7906894684,837443746.9047444,1115207351.0044518,-188966939.69525564,863722364.155,1200939590.8933334,-162688322.44500005,1434792094.4544983,1490871128.7501652,408381407.85449827,1456132864.0,970424128.0,429722177.4,1193495433.2336187,933672330.4541637,167084746.6336187,1354983495.4597106,1338039181.1569076,328572808.8597106,1260214876.0484188,1351460695.3208187,233804189.44841874,1026410686.6,1843173502.3089967
63,ARTVİN FAZ 2 DGBH,11772072.0,2017-02-16,19.240167712192044,10.0,32.67,0.0,1.0,226496639.6,Nested CV eğitim OOF,272742236.8053826,287846641.19909805,46245597.205382615,189594969.66514105,121410611.29861099,-36901669.93485895,91630965.8675,147391735.89666668,-134865673.7325,93227852.85406677,151530409.5597837,-133268786.74593322,110260688.0,156268416.0,-116235951.6,94239644.31208378,139701571.29027265,-132256995.28791621,53223831.589449055,190216948.51282397,-173272808.01055095,171588801.54835844,207886298.01182026,-54907838.05164155,0.0,501609260.70856506
64,ARTVİN FAZ 1 DGBH,19428332.25,2017-02-10,19.240167711770525,10.0,78.01,3.0,1.0,373804370.85,Nested CV eğitim OOF,3682047.66294384,177555403.80816597,-370122323.1870562,405265292.0167278,365165821.6611707,31460921.16672778,298216253.105,403310211.98,-75588117.745,408520767.7067839,388517903.1162291,34716396.85678387,318950944.0,337569248.0,-54853426.850000024,285897903.4687543,307956725.4044628,-87906467.38124573,951364057.415218,389983675.2095723,577559686.565218,362599608.342256,423624540.8962976,-11204762.507744014,139359.85228562355,816902175.5612822
65,KELKİT DGBH,5230816.95,2017-02-16,19.2401677122347,6.0,29.5,0.0,1.0,100641795.39,Nested CV eğitim OOF,528540464.28734666,84122989.64374393,427898668.8973467,88436476.21055532,0.0,-12205319.179444686,116246779.63333333,125573859.12666667,15604984.243333325,113858915.70976634,102713668.5132155,13217120.319766343,124768872.0,119841400.0,24127076.61,157680400.5216747,120656860.67462659,57038605.13167469,139346926.41248208,99485391.36720024,38705131.02248208,159766127.1268698,107628351.87785971,59124331.7368698,0.0,522240323.5642646
